-- phpMyAdmin SQL Dump
-- version 5.2.1
-- https://www.phpmyadmin.net/
--
-- Máy chủ: mysql5026.site4now.net
-- Thời gian đã tạo: Th5 14, 2024 lúc 06:55 AM
-- Phiên bản máy phục vụ: 5.6.26-log
-- Phiên bản PHP: 8.3.3

SET SQL_MODE = "NO_AUTO_VALUE_ON_ZERO";
START TRANSACTION;
SET time_zone = "+00:00";


/*!40101 SET @OLD_CHARACTER_SET_CLIENT=@@CHARACTER_SET_CLIENT */;
/*!40101 SET @OLD_CHARACTER_SET_RESULTS=@@CHARACTER_SET_RESULTS */;
/*!40101 SET @OLD_COLLATION_CONNECTION=@@COLLATION_CONNECTION */;
/*!40101 SET NAMES utf8mb4 */;

--
-- Cơ sở dữ liệu: `db_aa6c53_kiotvi`
--

-- --------------------------------------------------------

--
-- Cấu trúc bảng cho bảng `bills`
--

CREATE TABLE `bills` (
  `id` int(11) NOT NULL,
  `dateTime` datetime NOT NULL,
  `dateTime_end` datetime NOT NULL,
  `code` varchar(45) NOT NULL,
  `table_id` int(11) NOT NULL,
  `user_id` int(11) NOT NULL,
  `total_price` float NOT NULL
) ENGINE=MyISAM DEFAULT CHARSET=utf8;

--
-- Đang đổ dữ liệu cho bảng `bills`
--

INSERT INTO `bills` (`id`, `dateTime`, `dateTime_end`, `code`, `table_id`, `user_id`, `total_price`) VALUES
(249, '2024-04-23 14:13:39', '2024-04-23 14:15:58', '988-276', 257, 18, 68000),
(248, '2024-04-23 14:04:27', '2024-04-23 14:07:04', '745-779', 261, 18, 18000),
(247, '2024-04-23 14:04:44', '2024-04-23 14:05:34', '265-296', 260, 18, 38000),
(246, '2024-04-23 13:59:53', '2024-04-23 14:00:09', '543-684', 259, 18, 68000),
(245, '2024-04-23 13:31:04', '2024-04-23 13:31:10', '441-834', 265, 18, 38000),
(244, '2024-04-23 13:30:09', '2024-04-23 13:30:19', '127-853', 266, 18, 38000),
(243, '2024-04-23 13:28:18', '2024-04-23 13:28:31', '589-576', 264, 18, 38000),
(242, '2024-04-23 13:09:06', '2024-04-23 13:27:26', '974-266', 262, 18, 30000),
(241, '2024-04-23 13:09:06', '2024-04-23 13:26:35', '146-282', 262, 18, 30000),
(240, '2024-04-23 13:09:06', '2024-04-23 13:25:53', '360-604', 262, 18, 38000),
(239, '2024-04-23 10:26:35', '2024-04-23 12:40:53', '843-100', 257, 18, 18000),
(238, '2024-04-23 10:26:35', '2024-04-23 12:39:59', '837-326', 257, 18, 30000),
(237, '2024-04-23 10:26:35', '2024-04-23 12:16:51', '824-256', 257, 18, 18000),
(236, '2024-04-23 09:52:19', '2024-04-23 10:26:23', '244-658', 256, 18, 34000),
(235, '2024-04-23 09:54:30', '2024-04-23 09:55:32', '365-321', 257, 18, 106000),
(234, '2024-04-23 09:54:30', '2024-04-23 09:55:05', '834-914', 257, 18, 46000),
(233, '2024-04-23 09:54:30', '2024-04-23 09:54:43', '273-426', 257, 18, 50000),
(232, '2024-04-23 09:52:19', '2024-04-23 09:53:43', '897-744', 256, 18, 46000),
(231, '2024-04-23 09:52:19', '2024-04-23 09:52:38', '201-600', 256, 18, 50000),
(230, '2024-04-23 09:34:25', '2024-04-23 09:35:56', '684-880', 258, 18, 36000),
(229, '2024-04-23 09:34:25', '2024-04-23 09:34:58', '815-357', 258, 18, 80000),
(228, '2024-04-22 21:10:29', '2024-04-23 09:27:13', '525-178', 256, 18, 38000),
(227, '2024-04-18 18:29:07', '2024-04-23 09:15:06', '403-585', 268, 18, 20000),
(226, '2024-04-22 21:10:29', '2024-04-22 21:10:37', '528-318', 256, 18, 20000),
(225, '2024-04-18 12:21:37', '2024-04-22 21:09:27', '834-713', 262, 18, 20000),
(224, '2024-04-18 12:21:37', '2024-04-22 21:08:46', '822-566', 262, 18, 20000),
(223, '2024-04-22 20:59:02', '2024-04-22 21:07:26', '140-626', 263, 18, 60000),
(222, '2024-04-22 20:59:02', '2024-04-22 21:04:01', '729-668', 263, 18, 66000),
(221, '2024-04-22 20:59:02', '2024-04-22 20:59:19', '501-953', 263, 18, 68000),
(220, '2024-04-18 12:21:37', '2024-04-22 20:58:42', '936-886', 262, 18, 50000),
(219, '2024-04-22 20:35:37', '2024-04-22 20:53:46', '717-334', 259, 18, 18000),
(218, '2024-04-22 20:37:23', '2024-04-22 20:53:13', '474-675', 256, 18, 20000),
(217, '2024-04-22 20:35:37', '2024-04-22 20:45:59', '332-263', 259, 18, 36000),
(216, '2024-04-22 17:33:31', '2024-04-22 20:40:23', '666-109', 258, 18, 20000),
(215, '2024-04-22 20:39:17', '2024-04-22 20:39:25', '433-460', 261, 18, 50000),
(214, '2024-04-18 12:21:37', '2024-04-22 20:38:46', '540-909', 262, 18, 50000),
(213, '2024-04-18 12:21:37', '2024-04-22 20:38:06', '891-886', 262, 18, 70000),
(212, '2024-04-22 20:37:23', '2024-04-22 20:37:33', '964-748', 256, 18, 38000),
(211, '2024-04-22 20:08:31', '2024-04-22 20:35:48', '993-755', 256, 18, 38000),
(210, '2024-04-22 17:34:43', '2024-04-22 20:35:22', '950-670', 259, 18, 60000),
(209, '2024-04-22 17:34:43', '2024-04-22 20:34:41', '476-877', 259, 18, 20000),
(208, '2024-04-22 17:36:38', '2024-04-22 20:08:10', '516-576', 256, 18, 18000),
(207, '2024-04-22 17:33:50', '2024-04-22 20:07:47', '670-402', 257, 18, 18000),
(206, '2024-04-22 17:33:13', '2024-04-22 17:33:42', '510-907', 257, 18, 18000),
(205, '2024-04-19 22:58:38', '2024-04-22 17:32:22', '618-549', 256, 18, 158000),
(204, '2024-04-19 22:58:38', '2024-04-22 17:26:02', '358-970', 256, 18, 36000),
(203, '2024-04-19 22:58:38', '2024-04-22 17:25:48', '331-104', 256, 18, 36000),
(202, '2024-04-19 22:58:38', '2024-04-22 17:24:55', '874-182', 256, 18, 36000),
(201, '2024-04-19 22:58:38', '2024-04-22 17:22:40', '617-275', 256, 18, 90000),
(200, '2024-04-19 22:58:38', '2024-04-22 17:17:07', '336-775', 256, 18, 48000),
(199, '2024-04-19 22:58:38', '2024-04-22 17:16:59', '751-493', 256, 18, 24000),
(198, '2024-04-19 22:58:38', '2024-04-22 17:04:36', '567-465', 256, 18, 60000),
(197, '2024-04-19 22:58:38', '2024-04-22 17:03:05', '165-554', 256, 18, 50000),
(196, '2024-04-19 22:58:38', '2024-04-22 16:57:38', '478-216', 256, 18, 72000),
(195, '2024-04-19 22:58:38', '2024-04-22 16:56:33', '326-599', 256, 18, 18000),
(194, '2024-04-18 12:21:37', '2024-04-22 16:53:56', '992-638', 262, 18, 72000),
(193, '2024-04-18 20:44:22', '2024-04-22 16:44:13', '483-343', 261, 18, 18000),
(192, '2024-04-18 20:44:22', '2024-04-22 16:27:03', '705-679', 261, 18, 20000),
(191, '2024-04-18 20:44:22', '2024-04-22 16:26:45', '924-430', 261, 18, 20000),
(190, '2024-04-18 20:44:22', '2024-04-22 16:25:59', '261-593', 261, 18, 90000),
(189, '2024-04-18 20:44:22', '2024-04-22 16:25:36', '735-379', 261, 18, 18000),
(188, '2024-04-19 22:58:38', '2024-04-22 16:24:21', '994-810', 256, 18, 54000),
(187, '2024-04-18 20:44:22', '2024-04-22 16:11:20', '999-517', 261, 18, 18000),
(186, '2024-04-18 20:44:22', '2024-04-22 16:07:58', '781-214', 0, 18, 56000),
(185, '2024-04-18 12:22:04', '2024-04-18 19:30:22', '257-868', 261, 18, 362000),
(184, '2024-04-17 12:13:59', '2024-04-17 12:14:03', '596-979', 259, 18, 54000),
(183, '2024-04-18 12:12:34', '2024-04-18 12:13:35', '413-359', 258, 18, 70000),
(182, '2024-04-18 12:12:13', '2024-04-18 12:13:27', '169-911', 257, 18, 68000),
(181, '2024-04-18 12:12:25', '2024-04-18 12:13:21', '405-632', 256, 18, 84000),
(250, '2024-04-23 14:16:14', '2024-04-23 14:16:28', '718-833', 256, 18, 38000),
(251, '2024-04-23 14:18:44', '2024-04-23 14:24:16', '907-886', 257, 18, 68000),
(252, '2024-04-23 14:24:43', '2024-04-23 14:33:57', '639-232', 258, 18, 18000),
(253, '2024-04-23 14:24:43', '2024-04-23 14:34:09', '138-605', 258, 18, 20000),
(254, '2024-04-23 14:25:29', '2024-04-23 14:35:43', '260-408', 259, 18, 38000),
(255, '2024-04-23 14:33:34', '2024-04-23 14:42:12', '516-244', 256, 18, 16000),
(256, '2024-04-23 14:43:35', '2024-04-23 14:44:16', '633-103', 256, 18, 38000),
(257, '2024-04-26 09:12:09', '2024-04-26 09:26:53', '105-155', 258, 18, 0),
(258, '2024-04-26 09:27:41', '2024-04-26 09:43:22', '536-981', 259, 18, 20000),
(259, '2024-04-26 09:12:09', '2024-04-26 14:18:26', '471-901', 258, 18, 200000),
(260, '2024-04-26 09:48:57', '2024-05-08 19:03:02', '774-358', 260, 18, 18000),
(261, '2024-05-08 18:44:00', '2024-05-08 19:03:25', '230-334', 256, 18, 68000),
(262, '2024-05-12 20:37:48', '2024-05-12 20:38:08', '483-277', 513, 23, 38000),
(263, '2024-05-12 21:15:38', '2024-05-12 21:16:23', '942-851', 615, 25, 106000),
(264, '2024-05-13 14:40:12', '2024-05-13 14:41:15', '360-756', 259, 18, 33000),
(265, '2024-05-13 14:43:27', '2024-05-13 14:43:29', '660-863', 259, 18, 38000),
(266, '2024-05-12 20:09:41', '2024-05-13 14:43:38', '321-740', 256, 18, 111000),
(267, '2024-05-13 14:41:36', '2024-05-13 14:43:44', '244-335', 258, 18, 35000),
(268, '2024-05-12 20:09:10', '2024-05-13 15:29:08', '595-402', 257, 18, 72000),
(269, '2024-05-13 15:32:45', '2024-05-13 21:02:36', '396-887', 306, 18, 80000),
(270, '2024-05-13 15:34:58', '2024-05-13 21:02:43', '522-107', 257, 18, 346000),
(271, '2024-05-13 15:31:14', '2024-05-13 21:02:49', '111-440', 256, 18, 18000),
(272, '2024-05-14 18:26:47', '2024-05-14 18:29:40', '910-819', 256, 18, 170000);

-- --------------------------------------------------------

--
-- Cấu trúc bảng cho bảng `bill_items`
--

CREATE TABLE `bill_items` (
  `id` int(11) NOT NULL,
  `quantity` int(11) DEFAULT NULL,
  `total_price` float DEFAULT NULL,
  `product_id` int(11) DEFAULT NULL,
  `bill_id` int(11) DEFAULT NULL
) ENGINE=MyISAM DEFAULT CHARSET=utf8;

--
-- Đang đổ dữ liệu cho bảng `bill_items`
--

INSERT INTO `bill_items` (`id`, `quantity`, `total_price`, `product_id`, `bill_id`) VALUES
(1363, 1, 20000, 2, 214),
(1362, 1, 20000, 2, 213),
(1361, 1, 20000, 2, 213),
(1360, 1, 30000, 3, 213),
(1359, 1, 18000, 1, 212),
(1358, 1, 20000, 2, 212),
(1357, 1, 20000, 2, 211),
(1356, 1, 18000, 1, 211),
(1355, 3, 600000, 2, 210),
(1354, 1, 20000, 2, 209),
(1353, 1, 18000, 1, 208),
(1352, 1, 18000, 1, 207),
(1351, 1, 18000, 1, 206),
(1350, 1, 18000, 6, 205),
(1349, 7, 1400000, 2, 205),
(1348, 1, 18000, 5, 204),
(1347, 1, 18000, 5, 204),
(1346, 2, 360000, 5, 203),
(1345, 2, 360000, 1, 202),
(1344, 3, 900000, 3, 201),
(1343, 4, 480000, 67, 200),
(1342, 2, 240000, 67, 199),
(1341, 2, 600000, 3, 198),
(1340, 1, 20000, 2, 197),
(1339, 1, 30000, 3, 197),
(1338, 1, 30000, 3, 197),
(1337, 1, 20000, 2, 197),
(1336, 4, 720000, 1, 196),
(1335, 1, 18000, 1, 195),
(1334, 2, 360000, 1, 194),
(1333, 2, 360000, 1, 194),
(1332, 1, 18000, 1, 193),
(1331, 1, 20000, 2, 192),
(1330, 5, 900000, 1, 190),
(1329, 1, 18000, 1, 189),
(1328, 1, 18000, 5, 188),
(1327, 2, 360000, 5, 188),
(1326, 1, 18000, 1, 187),
(1325, 2, 360000, 1, 186),
(1324, 1, 20000, 2, 186),
(1323, 2, 24000, 67, 185),
(1322, 5, 100000, 2, 185),
(1321, 2, 36000, 1, 185),
(1320, 2, 36000, 1, 185),
(1319, 4, 72000, 1, 185),
(1318, 1, 18000, 1, 185),
(1317, 4, 72000, 1, 185),
(1316, 1, 18000, 1, 185),
(1315, 1, 18000, 5, 185),
(1314, 1, 30000, 3, 185),
(1313, 2, 16000, 72, 185),
(1312, 1, 30000, 3, 185),
(1311, 2, 24000, 67, 185),
(1310, 1, 18000, 1, 185),
(1309, 1, 30000, 3, 185),
(1308, 1, 18000, 5, 185),
(1307, 5, 100000, 2, 185),
(1306, 1, 30000, 3, 185),
(1305, 1, 18000, 1, 185),
(1304, 1, 16000, 4, 184),
(1303, 1, 20000, 2, 184),
(1302, 1, 18000, 1, 184),
(1301, 1, 15000, 31, 183),
(1300, 1, 18000, 1, 183),
(1299, 1, 20000, 2, 183),
(1298, 1, 17000, 32, 183),
(1297, 1, 20000, 2, 182),
(1296, 1, 30000, 3, 182),
(1295, 1, 18000, 1, 182),
(1294, 1, 16000, 4, 181),
(1293, 1, 20000, 2, 181),
(1292, 1, 30000, 3, 181),
(1291, 1, 18000, 1, 181),
(1364, 1, 20000, 2, 214),
(1365, 1, 30000, 3, 214),
(1366, 1, 30000, 3, 214),
(1367, 1, 20000, 2, 214),
(1368, 1, 30000, 3, 215),
(1369, 1, 20000, 2, 215),
(1370, 1, 20000, 2, 216),
(1371, 2, 360000, 1, 217),
(1372, 1, 20000, 2, 218),
(1373, 1, 20000, 2, 219),
(1374, 1, 18000, 1, 219),
(1375, 1, 20000, 2, 220),
(1376, 1, 30000, 3, 220),
(1377, 1, 20000, 2, 221),
(1378, 1, 30000, 3, 221),
(1379, 1, 30000, 3, 221),
(1380, 1, 18000, 1, 221),
(1381, 1, 20000, 2, 221),
(1382, 1, 30000, 3, 222),
(1383, 2, 36000, 1, 222),
(1384, 2, 60000, 3, 223),
(1385, 1, 20000, 2, 224),
(1386, 1, 20000, 2, 225),
(1387, 1, 20000, 2, 226),
(1388, 1, 20000, 2, 227),
(1389, 1, 18000, 1, 228),
(1390, 1, 20000, 2, 228),
(1391, 2, 60000, 3, 229),
(1392, 1, 20000, 2, 229),
(1393, 1, 20000, 2, 230),
(1394, 1, 16000, 4, 230),
(1395, 1, 20000, 2, 231),
(1396, 1, 30000, 3, 231),
(1397, 1, 30000, 3, 232),
(1398, 1, 16000, 4, 232),
(1399, 1, 20000, 2, 233),
(1400, 1, 30000, 3, 233),
(1401, 1, 16000, 4, 234),
(1402, 1, 30000, 3, 234),
(1403, 4, 72000, 1, 235),
(1404, 1, 16000, 4, 235),
(1405, 1, 18000, 5, 235),
(1406, 1, 18000, 1, 236),
(1407, 1, 16000, 4, 236),
(1408, 1, 18000, 1, 237),
(1409, 1, 30000, 3, 238),
(1410, 1, 18000, 1, 239),
(1411, 1, 18000, 1, 240),
(1412, 1, 20000, 2, 240),
(1413, 1, 30000, 3, 241),
(1414, 1, 30000, 3, 242),
(1415, 1, 18000, 1, 243),
(1416, 1, 20000, 2, 243),
(1417, 1, 20000, 2, 244),
(1418, 1, 18000, 1, 244),
(1419, 1, 18000, 1, 245),
(1420, 1, 20000, 2, 245),
(1421, 1, 30000, 3, 246),
(1422, 1, 20000, 2, 246),
(1423, 1, 18000, 1, 246),
(1424, 1, 18000, 1, 247),
(1425, 1, 20000, 2, 247),
(1426, 1, 18000, 1, 248),
(1427, 1, 20000, 2, 249),
(1428, 1, 30000, 3, 249),
(1429, 1, 18000, 1, 249),
(1430, 1, 18000, 1, 250),
(1431, 1, 20000, 2, 250),
(1432, 1, 30000, 3, 251),
(1433, 1, 20000, 2, 251),
(1434, 1, 18000, 1, 251),
(1435, 1, 18000, 1, 252),
(1436, 1, 20000, 2, 253),
(1437, 1, 18000, 1, 254),
(1438, 1, 20000, 2, 254),
(1439, 1, 16000, 4, 255),
(1440, 1, 20000, 2, 256),
(1441, 1, 18000, 1, 256),
(1442, 1, 20000, 2, 258),
(1443, 1, 18000, 1, 259),
(1444, 1, 18000, 1, 259),
(1445, 1, 20000, 2, 259),
(1446, 1, 20000, 2, 259),
(1447, 1, 20000, 2, 259),
(1448, 1, 18000, 1, 259),
(1449, 1, 18000, 1, 259),
(1450, 1, 30000, 3, 259),
(1451, 1, 18000, 1, 259),
(1452, 1, 20000, 2, 259),
(1453, 1, 18000, 1, 260),
(1454, 1, 20000, 2, 261),
(1455, 1, 30000, 3, 261),
(1456, 1, 18000, 1, 261),
(1457, 1, 20000, 2, 262),
(1458, 1, 18000, 1, 262),
(1459, 1, 20000, 2, 263),
(1460, 1, 18000, 1, 263),
(1461, 1, 18000, 63, 263),
(1462, 1, 20000, 2, 263),
(1463, 1, 30000, 3, 263),
(1464, 1, 18000, 1, 264),
(1465, 1, 15000, 33, 264),
(1466, 1, 20000, 2, 265),
(1467, 1, 18000, 1, 265),
(1468, 1, 15000, 34, 266),
(1469, 1, 15000, 33, 266),
(1470, 3, 51000, 32, 266),
(1471, 1, 30000, 3, 266),
(1472, 1, 20000, 2, 267),
(1473, 1, 15000, 33, 267),
(1474, 4, 72000, 1, 268),
(1475, 4, 60000, 38, 269),
(1476, 1, 20000, 2, 269),
(1477, 1, 8000, 72, 270),
(1478, 10, 160000, 4, 270),
(1479, 3, 54000, 25, 270),
(1480, 1, 18000, 26, 270),
(1481, 2, 60000, 14, 270),
(1482, 1, 10000, 73, 270),
(1483, 2, 36000, 1, 270),
(1484, 1, 18000, 1, 271),
(1485, 4, 120000, 3, 272),
(1486, 1, 30000, 14, 272),
(1487, 1, 20000, 2, 272);

-- --------------------------------------------------------

--
-- Cấu trúc bảng cho bảng `categories`
--

CREATE TABLE `categories` (
  `id` int(11) NOT NULL,
  `name` varchar(45) NOT NULL
) ENGINE=InnoDB DEFAULT CHARSET=utf8;

--
-- Đang đổ dữ liệu cho bảng `categories`
--

INSERT INTO `categories` (`id`, `name`) VALUES
(1, 'Tất cả'),
(2, 'CÀ PHÊ'),
(3, 'ĐÁ XAY'),
(4, 'NƯỚC ÉP TRÁI CÂY'),
(5, 'NƯỚC UỐNG ĐÓNG CHAI'),
(6, 'SINH TỐ'),
(7, 'SODA Ý'),
(8, 'SỮA CHUA'),
(9, 'SỮA'),
(10, 'THUỐC LÁ'),
(11, 'MÓN THÊM');

-- --------------------------------------------------------

--
-- Cấu trúc bảng cho bảng `orders`
--

CREATE TABLE `orders` (
  `id` int(11) NOT NULL,
  `dateTime` datetime DEFAULT NULL,
  `code` varchar(45) NOT NULL,
  `table_id` int(11) NOT NULL,
  `user_id` int(11) DEFAULT NULL
) ENGINE=InnoDB DEFAULT CHARSET=utf8;

--
-- Đang đổ dữ liệu cho bảng `orders`
--

INSERT INTO `orders` (`id`, `dateTime`, `code`, `table_id`, `user_id`) VALUES
(497, '2024-05-11 22:51:49', '275-619', 105, 15),
(498, '2024-05-11 23:14:18', '661-838', 104, 15),
(500, '2024-05-11 23:48:52', '640-552', 107, 15),
(501, '2024-05-11 23:49:27', '469-829', 109, 15),
(502, '2024-05-12 20:04:21', '619-951', 110, 15),
(503, '2024-05-12 20:04:57', '867-735', 111, 15),
(504, '2024-05-12 20:08:21', '318-816', 114, 15),
(505, '2024-05-12 20:08:28', '243-466', 113, 15),
(508, '2024-05-12 20:10:57', '545-183', 307, 15),
(509, '2024-05-12 20:11:53', '487-758', 154, 15),
(510, '2024-05-12 20:13:43', '568-865', 112, 15),
(511, '2024-05-12 20:37:37', '787-668', 512, 23),
(513, '2024-05-12 20:49:08', '865-331', 106, 15),
(514, '2024-05-12 20:56:43', '121-660', 564, 24),
(515, '2024-05-12 20:58:52', '794-904', 615, 25),
(516, '2024-05-12 21:03:20', '578-110', 618, 25),
(517, '2024-05-12 21:03:38', '347-313', 616, 25),
(518, '2024-05-12 21:03:52', '905-572', 619, 25),
(521, '2024-05-12 21:19:45', '195-104', 206, 17),
(522, '2024-05-12 21:20:21', '627-498', 210, 17),
(531, '2024-05-14 09:10:58', '619-228', 257, 18),
(532, '2024-05-14 18:06:21', '894-919', 297, 18),
(534, '2024-05-14 18:31:16', '820-318', 259, 18);

-- --------------------------------------------------------

--
-- Cấu trúc bảng cho bảng `order_items`
--

CREATE TABLE `order_items` (
  `id` int(11) NOT NULL,
  `quantity` int(11) NOT NULL,
  `price` float NOT NULL,
  `order_id` int(11) DEFAULT NULL,
  `product_id` int(11) DEFAULT NULL
) ENGINE=InnoDB DEFAULT CHARSET=utf8;

--
-- Đang đổ dữ liệu cho bảng `order_items`
--

INSERT INTO `order_items` (`id`, `quantity`, `price`, `order_id`, `product_id`) VALUES
(1275, 1, 18000, 497, 1),
(1276, 1, 18000, 498, 5),
(1280, 1, 15000, 500, 33),
(1281, 1, 30000, 500, 3),
(1282, 2, 36000, 501, 1),
(1283, 2, 30000, 501, 33),
(1284, 2, 30000, 501, 34),
(1285, 2, 28000, 501, 12),
(1286, 1, 30000, 498, 3),
(1287, 1, 20000, 498, 2),
(1288, 3, 45000, 498, 33),
(1293, 1, 18000, 511, 1),
(1294, 1, 20000, 511, 2),
(1295, 1, 18000, 511, 63),
(1301, 1, 18000, 514, 1),
(1304, 1, 16000, 516, 4),
(1305, 1, 30000, 516, 3),
(1309, 1, 18000, 517, 1),
(1310, 1, 15000, 518, 39),
(1314, 1, 20000, 517, 2),
(1315, 1, 30000, 517, 3),
(1323, 1, 20000, 521, 2),
(1324, 1, 18000, 521, 1),
(1325, 1, 16000, 522, 4),
(1326, 1, 30000, 522, 3),
(1327, 1, 18000, 522, 5),
(1328, 1, 30000, 522, 16),
(1350, 5, 150000, 531, 3),
(1351, 1, 18000, 531, 1),
(1352, 1, 26000, 531, 42),
(1353, 1, 26000, 531, 48),
(1354, 3, 60000, 531, 2),
(1355, 1, 17000, 531, 32),
(1356, 1, 20000, 531, 2),
(1357, 1, 8000, 531, 72),
(1358, 1, 20000, 531, 2),
(1359, 1, 18000, 531, 1),
(1360, 1, 18000, 531, 1),
(1361, 2, 28000, 532, 12),
(1366, 1, 18000, 534, 1),
(1367, 1, 30000, 534, 3),
(1368, 1, 20000, 534, 20);

-- --------------------------------------------------------

--
-- Cấu trúc bảng cho bảng `products`
--

CREATE TABLE `products` (
  `id` int(11) NOT NULL,
  `name` varchar(255) NOT NULL,
  `price` float NOT NULL,
  `quantity` int(11) NOT NULL,
  `categories_id` int(11) NOT NULL
) ENGINE=InnoDB DEFAULT CHARSET=utf8;

--
-- Đang đổ dữ liệu cho bảng `products`
--

INSERT INTO `products` (`id`, `name`, `price`, `quantity`, `categories_id`) VALUES
(1, 'Bạc xỉu đá', 18000, 200, 2),
(2, 'Bạc xỉu nóng', 20000, 200, 2),
(3, 'Cafe dừa', 30000, 200, 2),
(4, 'Cafe đen Sài gòn', 16000, 200, 2),
(5, 'Cafe sữa Sài gòn', 18000, 200, 2),
(6, 'Cafe rang xay đá lắc đen', 18000, 200, 2),
(7, 'Cafe rang xay đá lắc sữa', 20000, 200, 2),
(8, 'Cafe rang xay đen', 12000, 200, 2),
(9, 'Cafe rang xay sữa', 14000, 200, 2),
(10, 'Cafe rang xay sữa tươi', 20000, 200, 2),
(11, 'Cafe Rhum', 20000, 200, 2),
(12, 'Cafe sữa phin', 14000, 200, 2),
(13, 'Cafe đen phin', 12000, 200, 2),
(14, 'Chocolate đá xay', 30000, 200, 3),
(15, 'Coffe thạch đá xay', 30000, 200, 3),
(16, 'Matcha thạch đá xay', 30000, 200, 3),
(17, 'Mint đá xay', 30000, 200, 3),
(18, ' Strawberyđá xay', 30000, 200, 3),
(19, 'Chamh rhum', 22000, 200, 4),
(20, 'Chanh dây', 20000, 200, 4),
(21, 'Chanh muối', 20000, 200, 4),
(22, 'Chanh nóng mật ong', 22000, 200, 4),
(23, 'Chanh sả', 20000, 200, 4),
(24, 'Chanh tuyết', 30000, 200, 4),
(25, 'Nước chanh đá', 18000, 200, 4),
(26, 'Nước chanh nóng', 18000, 200, 4),
(27, 'Nước chanh xí muội', 20000, 200, 4),
(28, 'Nước ép cam sữa', 28000, 200, 4),
(29, 'Nước ép cà rốt', 24000, 200, 4),
(30, 'Nước ép cóc', 20000, 200, 4),
(31, '7up', 15000, 200, 5),
(32, 'Bò húc', 17000, 200, 5),
(33, 'Coca', 15000, 200, 5),
(34, 'Nutri', 15000, 200, 5),
(35, 'Nước khoáng mặn', 12000, 200, 5),
(36, 'Nước lọc', 10000, 200, 5),
(37, 'Soda', 15000, 200, 5),
(38, 'Sting dâu', 15000, 200, 5),
(39, 'Sting vàng', 15000, 200, 5),
(40, 'Sữa hộp', 10000, 200, 5),
(41, 'TRà xanh không độ', 15000, 200, 5),
(42, 'Sinh tố bơ', 26000, 200, 6),
(43, 'Sinh tố cam nha đam', 26000, 200, 6),
(44, 'Sinh tố chanh dây', 26000, 200, 6),
(45, 'Sinh tố dâu tây', 26000, 200, 6),
(46, 'Sinh tố đào', 26000, 200, 6),
(47, 'Sinh tố Kiwi', 26000, 200, 6),
(48, 'Sinh tố phúc bồn tử', 26000, 200, 6),
(49, 'Soda Blue Ocean', 20000, 200, 7),
(50, 'Soda Blueberry', 20000, 200, 7),
(51, 'Soda Kiwi', 20000, 200, 7),
(52, 'Soda Mint', 20000, 200, 7),
(53, 'Soda Passion', 20000, 200, 7),
(54, 'Soda Strawberry', 20000, 200, 7),
(55, 'Sữa chua cafe', 22000, 200, 8),
(56, 'Sữa chua cam nha đam', 22000, 200, 8),
(57, 'Sữa chua chanh dây', 22000, 200, 8),
(58, 'Sữa chua dâu', 22000, 200, 8),
(59, 'Sữa chua kiwi', 22000, 200, 8),
(60, 'Sữa chua đá', 18000, 200, 8),
(61, 'Chocolate đá (ca cao)', 20000, 200, 9),
(62, 'Chocolate nóng (ca cao)', 20000, 200, 9),
(63, 'Sữa bạc hà', 18000, 200, 9),
(64, 'Sữa chanh dây', 22000, 200, 9),
(65, 'Sữa dâu', 18000, 200, 9),
(66, 'Sữa đá', 18000, 200, 9),
(67, 'Bài', 12000, 200, 10),
(68, 'Hạt dưa', 10000, 200, 10),
(69, 'Thuốc 555', 50000, 200, 10),
(70, 'Thuốc Dunhill', 40000, 200, 10),
(71, 'Thuốc Jet', 26000, 200, 10),
(72, 'Flan', 8000, 200, 11),
(73, 'Khúc bạch', 10000, 200, 11),
(74, 'O mai hạt', 3000, 200, 11),
(75, 'Puading', 8000, 200, 11),
(76, 'Sữa', 3000, 200, 11),
(77, 'Thạch', 8000, 200, 11);

-- --------------------------------------------------------

--
-- Cấu trúc bảng cho bảng `shops`
--

CREATE TABLE `shops` (
  `id` int(11) NOT NULL,
  `name` varchar(255) DEFAULT NULL,
  `user_id` int(11) DEFAULT NULL
) ENGINE=MyISAM DEFAULT CHARSET=utf8;

--
-- Đang đổ dữ liệu cho bảng `shops`
--

INSERT INTO `shops` (`id`, `name`, `user_id`) VALUES
(21, 'quangquang', 25),
(20, '12345', 24),
(19, '345', 23),
(18, '1234', 22),
(17, '0812', 21),
(16, '111', 20),
(15, '123', 19),
(14, 'bamanshop', 18),
(11, 'ThemBan', 15),
(13, 'test17', 17);

-- --------------------------------------------------------

--
-- Cấu trúc bảng cho bảng `tables`
--

CREATE TABLE `tables` (
  `id` int(11) NOT NULL,
  `table_name` varchar(50) NOT NULL,
  `status` double NOT NULL,
  `user_id` int(11) DEFAULT NULL,
  `table_price` float NOT NULL
) ENGINE=InnoDB DEFAULT CHARSET=utf8;

--
-- Đang đổ dữ liệu cho bảng `tables`
--

INSERT INTO `tables` (`id`, `table_name`, `status`, `user_id`, `table_price`) VALUES
(104, 'Mang về', 1, 15, 113000),
(105, 'Bàn 1', 1, 15, 18000),
(106, 'Bàn 2', 0, 15, 0),
(107, 'Bàn 3', 1, 15, 45000),
(109, 'Bàn 5', 1, 15, 124000),
(110, 'Bàn 6', 0, 15, 0),
(111, 'Bàn 7', 0, 15, 0),
(112, 'Bàn 8', 0, 15, 0),
(113, 'Bàn 9', 0, 15, 0),
(114, 'Bàn 10', 0, 15, 0),
(115, 'Bàn 11', 0, 15, 0),
(116, 'Bàn 12', 0, 15, 0),
(117, 'Bàn 13', 0, 15, 0),
(118, 'Bàn 14', 0, 15, 0),
(119, 'Bàn 15', 0, 15, 0),
(120, 'Bàn 16', 0, 15, 0),
(121, 'Bàn 17', 0, 15, 0),
(122, 'Bàn 18', 0, 15, 0),
(123, 'Bàn 19', 0, 15, 0),
(124, 'Bàn 20', 0, 15, 0),
(125, 'Bàn 21', 0, 15, 0),
(126, 'Bàn 22', 0, 15, 0),
(127, 'Bàn 23', 0, 15, 0),
(128, 'Bàn 24', 0, 15, 0),
(129, 'Bàn 25', 0, 15, 0),
(130, 'Bàn 26', 0, 15, 0),
(131, 'Bàn 27', 0, 15, 0),
(132, 'Bàn 28', 0, 15, 0),
(133, 'Bàn 29', 0, 15, 0),
(134, 'Bàn 30', 0, 15, 0),
(135, 'Bàn 31', 0, 15, 0),
(136, 'Bàn 32', 0, 15, 0),
(137, 'Bàn 33', 0, 15, 0),
(138, 'Bàn 34', 0, 15, 0),
(139, 'Bàn 35', 0, 15, 0),
(140, 'Bàn 36', 0, 15, 0),
(141, 'Bàn 37', 0, 15, 0),
(142, 'Bàn 38', 0, 15, 0),
(143, 'Bàn 39', 0, 15, 0),
(144, 'Bàn 40', 0, 15, 0),
(145, 'Bàn 41', 0, 15, 0),
(146, 'Bàn 42', 0, 15, 0),
(147, 'Bàn 43', 0, 15, 0),
(148, 'Bàn 44', 0, 15, 0),
(149, 'Bàn 45', 0, 15, 0),
(150, 'Bàn 46', 0, 15, 0),
(151, 'Bàn 47', 0, 15, 0),
(152, 'Bàn 48', 0, 15, 0),
(153, 'Bàn 49', 0, 15, 0),
(154, 'Bàn 50', 0, 15, 0),
(205, 'Mang về ', 0, 17, 0),
(206, 'BÀN 1', 1, 17, 38000),
(207, 'BÀN 2', 0, 17, 0),
(208, 'BÀN 3', 0, 17, 0),
(209, 'BÀN 4', 0, 17, 0),
(210, 'BÀN 5', 1, 17, 94000),
(211, 'BÀN 6', 0, 17, 0),
(212, 'BÀN 7', 0, 17, 0),
(213, 'BÀN 8', 0, 17, 0),
(214, 'BÀN 9', 0, 17, 0),
(215, 'BÀN 10', 0, 17, 0),
(216, 'BÀN 11', 0, 17, 0),
(217, 'BÀN 12', 0, 17, 0),
(218, 'BÀN 13', 0, 17, 0),
(219, 'BÀN 14', 0, 17, 0),
(220, 'BÀN 15', 0, 17, 0),
(221, 'BÀN 16', 0, 17, 0),
(222, 'BÀN 17', 0, 17, 0),
(223, 'BÀN 18', 0, 17, 0),
(224, 'BÀN 19', 0, 17, 0),
(225, 'BÀN 20', 0, 17, 0),
(226, 'BÀN 21', 0, 17, 0),
(227, 'BÀN 22', 0, 17, 0),
(228, 'BÀN 23', 0, 17, 0),
(229, 'BÀN 24', 0, 17, 0),
(230, 'BÀN 25', 0, 17, 0),
(231, 'BÀN 26', 0, 17, 0),
(232, 'BÀN 27', 0, 17, 0),
(233, 'BÀN 28', 0, 17, 0),
(234, 'BÀN 29', 0, 17, 0),
(235, 'BÀN 30', 0, 17, 0),
(236, 'BÀN 31', 0, 17, 0),
(237, 'BÀN 32', 0, 17, 0),
(238, 'BÀN 33', 0, 17, 0),
(239, 'BÀN 34', 0, 17, 0),
(240, 'BÀN 35', 0, 17, 0),
(241, 'BÀN 36', 0, 17, 0),
(242, 'BÀN 37', 0, 17, 0),
(243, 'BÀN 38', 0, 17, 0),
(244, 'BÀN 39', 0, 17, 0),
(245, 'BÀN 40', 0, 17, 0),
(246, 'BÀN 41', 0, 17, 0),
(247, 'BÀN 42', 0, 17, 0),
(248, 'BÀN 43', 0, 17, 0),
(249, 'BÀN 44', 0, 17, 0),
(250, 'BÀN 45', 0, 17, 0),
(251, 'BÀN 46', 0, 17, 0),
(252, 'BÀN 47', 0, 17, 0),
(253, 'BÀN 48', 0, 17, 0),
(254, 'BÀN 49', 0, 17, 0),
(255, 'BÀN 50', 0, 17, 0),
(256, 'Mang về ', 0, 18, 0),
(257, 'BÀN 1', 1, 18, 381000),
(258, 'BÀN 2', 0, 18, 0),
(259, 'BÀN 3', 1, 18, 68000),
(260, 'BÀN 4', 0, 18, 0),
(261, 'BÀN 5', 0, 18, 0),
(262, 'BÀN 6', 0, 18, 0),
(263, 'BÀN 7', 0, 18, 0),
(264, 'BÀN 8', 0, 18, 0),
(265, 'BÀN 9', 0, 18, 0),
(266, 'BÀN 10', 0, 18, 0),
(267, 'BÀN 11', 0, 18, 0),
(268, 'BÀN 12', 0, 18, 0),
(269, 'BÀN 13', 0, 18, 0),
(270, 'BÀN 14', 0, 18, 0),
(271, 'BÀN 15', 0, 18, 0),
(272, 'BÀN 16', 0, 18, 0),
(273, 'BÀN 17', 0, 18, 0),
(274, 'BÀN 18', 0, 18, 0),
(275, 'BÀN 19', 0, 18, 0),
(276, 'BÀN 20', 0, 18, 0),
(277, 'BÀN 21', 0, 18, 0),
(278, 'BÀN 22', 0, 18, 0),
(279, 'BÀN 23', 0, 18, 0),
(280, 'BÀN 24', 0, 18, 0),
(281, 'BÀN 25', 0, 18, 0),
(282, 'BÀN 26', 0, 18, 0),
(283, 'BÀN 27', 0, 18, 0),
(284, 'BÀN 28', 0, 18, 0),
(285, 'BÀN 29', 0, 18, 0),
(286, 'BÀN 30', 0, 18, 0),
(287, 'BÀN 31', 0, 18, 0),
(288, 'BÀN 32', 0, 18, 0),
(289, 'BÀN 33', 0, 18, 0),
(290, 'BÀN 34', 0, 18, 0),
(291, 'BÀN 35', 0, 18, 0),
(292, 'BÀN 36', 0, 18, 0),
(293, 'BÀN 37', 0, 18, 0),
(294, 'BÀN 38', 0, 18, 0),
(295, 'BÀN 39', 0, 18, 0),
(296, 'BÀN 40', 0, 18, 0),
(297, 'BÀN 41', 1, 18, 28000),
(298, 'BÀN 42', 0, 18, 0),
(299, 'BÀN 43', 0, 18, 0),
(300, 'BÀN 44', 0, 18, 0),
(301, 'BÀN 45', 0, 18, 0),
(302, 'BÀN 46', 0, 18, 0),
(303, 'BÀN 47', 0, 18, 0),
(304, 'BÀN 48', 0, 18, 0),
(305, 'BÀN 49', 0, 18, 0),
(306, 'BÀN 50', 0, 18, 0),
(307, 'Bàn 4', 0, 15, 0),
(308, 'Mang về ', 0, 19, 0),
(309, 'BÀN 1', 0, 19, 0),
(310, 'BÀN 2', 0, 19, 0),
(311, 'BÀN 3', 0, 19, 0),
(312, 'BÀN 4', 0, 19, 0),
(313, 'BÀN 5', 0, 19, 0),
(314, 'BÀN 6', 0, 19, 0),
(315, 'BÀN 7', 0, 19, 0),
(316, 'BÀN 8', 0, 19, 0),
(317, 'BÀN 9', 0, 19, 0),
(318, 'BÀN 10', 0, 19, 0),
(319, 'BÀN 11', 0, 19, 0),
(320, 'BÀN 12', 0, 19, 0),
(321, 'BÀN 13', 0, 19, 0),
(322, 'BÀN 14', 0, 19, 0),
(323, 'BÀN 15', 0, 19, 0),
(324, 'BÀN 16', 0, 19, 0),
(325, 'BÀN 17', 0, 19, 0),
(326, 'BÀN 18', 0, 19, 0),
(327, 'BÀN 19', 0, 19, 0),
(328, 'BÀN 20', 0, 19, 0),
(329, 'BÀN 21', 0, 19, 0),
(330, 'BÀN 22', 0, 19, 0),
(331, 'BÀN 23', 0, 19, 0),
(332, 'BÀN 24', 0, 19, 0),
(333, 'BÀN 25', 0, 19, 0),
(334, 'BÀN 26', 0, 19, 0),
(335, 'BÀN 27', 0, 19, 0),
(336, 'BÀN 28', 0, 19, 0),
(337, 'BÀN 29', 0, 19, 0),
(338, 'BÀN 30', 0, 19, 0),
(339, 'BÀN 31', 0, 19, 0),
(340, 'BÀN 32', 0, 19, 0),
(341, 'BÀN 33', 0, 19, 0),
(342, 'BÀN 34', 0, 19, 0),
(343, 'BÀN 35', 0, 19, 0),
(344, 'BÀN 36', 0, 19, 0),
(345, 'BÀN 37', 0, 19, 0),
(346, 'BÀN 38', 0, 19, 0),
(347, 'BÀN 39', 0, 19, 0),
(348, 'BÀN 40', 0, 19, 0),
(349, 'BÀN 41', 0, 19, 0),
(350, 'BÀN 42', 0, 19, 0),
(351, 'BÀN 43', 0, 19, 0),
(352, 'BÀN 44', 0, 19, 0),
(353, 'BÀN 45', 0, 19, 0),
(354, 'BÀN 46', 0, 19, 0),
(355, 'BÀN 47', 0, 19, 0),
(356, 'BÀN 48', 0, 19, 0),
(357, 'BÀN 49', 0, 19, 0),
(358, 'BÀN 50', 0, 19, 0),
(359, 'Mang về ', 0, 20, 0),
(360, 'BÀN 1', 0, 20, 0),
(361, 'BÀN 2', 0, 20, 0),
(362, 'BÀN 3', 0, 20, 0),
(363, 'BÀN 4', 0, 20, 0),
(364, 'BÀN 5', 0, 20, 0),
(365, 'BÀN 6', 0, 20, 0),
(366, 'BÀN 7', 0, 20, 0),
(367, 'BÀN 8', 0, 20, 0),
(368, 'BÀN 9', 0, 20, 0),
(369, 'BÀN 10', 0, 20, 0),
(370, 'BÀN 11', 0, 20, 0),
(371, 'BÀN 12', 0, 20, 0),
(372, 'BÀN 13', 0, 20, 0),
(373, 'BÀN 14', 0, 20, 0),
(374, 'BÀN 15', 0, 20, 0),
(375, 'BÀN 16', 0, 20, 0),
(376, 'BÀN 17', 0, 20, 0),
(377, 'BÀN 18', 0, 20, 0),
(378, 'BÀN 19', 0, 20, 0),
(379, 'BÀN 20', 0, 20, 0),
(380, 'BÀN 21', 0, 20, 0),
(381, 'BÀN 22', 0, 20, 0),
(382, 'BÀN 23', 0, 20, 0),
(383, 'BÀN 24', 0, 20, 0),
(384, 'BÀN 25', 0, 20, 0),
(385, 'BÀN 26', 0, 20, 0),
(386, 'BÀN 27', 0, 20, 0),
(387, 'BÀN 28', 0, 20, 0),
(388, 'BÀN 29', 0, 20, 0),
(389, 'BÀN 30', 0, 20, 0),
(390, 'BÀN 31', 0, 20, 0),
(391, 'BÀN 32', 0, 20, 0),
(392, 'BÀN 33', 0, 20, 0),
(393, 'BÀN 34', 0, 20, 0),
(394, 'BÀN 35', 0, 20, 0),
(395, 'BÀN 36', 0, 20, 0),
(396, 'BÀN 37', 0, 20, 0),
(397, 'BÀN 38', 0, 20, 0),
(398, 'BÀN 39', 0, 20, 0),
(399, 'BÀN 40', 0, 20, 0),
(400, 'BÀN 41', 0, 20, 0),
(401, 'BÀN 42', 0, 20, 0),
(402, 'BÀN 43', 0, 20, 0),
(403, 'BÀN 44', 0, 20, 0),
(404, 'BÀN 45', 0, 20, 0),
(405, 'BÀN 46', 0, 20, 0),
(406, 'BÀN 47', 0, 20, 0),
(407, 'BÀN 48', 0, 20, 0),
(408, 'BÀN 49', 0, 20, 0),
(409, 'BÀN 50', 0, 20, 0),
(410, 'Mang về ', 0, 21, 0),
(411, 'BÀN 1', 0, 21, 0),
(412, 'BÀN 2', 0, 21, 0),
(413, 'BÀN 3', 0, 21, 0),
(414, 'BÀN 4', 0, 21, 0),
(415, 'BÀN 5', 0, 21, 0),
(416, 'BÀN 6', 0, 21, 0),
(417, 'BÀN 7', 0, 21, 0),
(418, 'BÀN 8', 0, 21, 0),
(419, 'BÀN 9', 0, 21, 0),
(420, 'BÀN 10', 0, 21, 0),
(421, 'BÀN 11', 0, 21, 0),
(422, 'BÀN 12', 0, 21, 0),
(423, 'BÀN 13', 0, 21, 0),
(424, 'BÀN 14', 0, 21, 0),
(425, 'BÀN 15', 0, 21, 0),
(426, 'BÀN 16', 0, 21, 0),
(427, 'BÀN 17', 0, 21, 0),
(428, 'BÀN 18', 0, 21, 0),
(429, 'BÀN 19', 0, 21, 0),
(430, 'BÀN 20', 0, 21, 0),
(431, 'BÀN 21', 0, 21, 0),
(432, 'BÀN 22', 0, 21, 0),
(433, 'BÀN 23', 0, 21, 0),
(434, 'BÀN 24', 0, 21, 0),
(435, 'BÀN 25', 0, 21, 0),
(436, 'BÀN 26', 0, 21, 0),
(437, 'BÀN 27', 0, 21, 0),
(438, 'BÀN 28', 0, 21, 0),
(439, 'BÀN 29', 0, 21, 0),
(440, 'BÀN 30', 0, 21, 0),
(441, 'BÀN 31', 0, 21, 0),
(442, 'BÀN 32', 0, 21, 0),
(443, 'BÀN 33', 0, 21, 0),
(444, 'BÀN 34', 0, 21, 0),
(445, 'BÀN 35', 0, 21, 0),
(446, 'BÀN 36', 0, 21, 0),
(447, 'BÀN 37', 0, 21, 0),
(448, 'BÀN 38', 0, 21, 0),
(449, 'BÀN 39', 0, 21, 0),
(450, 'BÀN 40', 0, 21, 0),
(451, 'BÀN 41', 0, 21, 0),
(452, 'BÀN 42', 0, 21, 0),
(453, 'BÀN 43', 0, 21, 0),
(454, 'BÀN 44', 0, 21, 0),
(455, 'BÀN 45', 0, 21, 0),
(456, 'BÀN 46', 0, 21, 0),
(457, 'BÀN 47', 0, 21, 0),
(458, 'BÀN 48', 0, 21, 0),
(459, 'BÀN 49', 0, 21, 0),
(460, 'BÀN 50', 0, 21, 0),
(461, 'Mang về ', 0, 22, 0),
(462, 'BÀN 1', 0, 22, 0),
(463, 'BÀN 2', 0, 22, 0),
(464, 'BÀN 3', 0, 22, 0),
(465, 'BÀN 4', 0, 22, 0),
(466, 'BÀN 5', 0, 22, 0),
(467, 'BÀN 6', 0, 22, 0),
(468, 'BÀN 7', 0, 22, 0),
(469, 'BÀN 8', 0, 22, 0),
(470, 'BÀN 9', 0, 22, 0),
(471, 'BÀN 10', 0, 22, 0),
(472, 'BÀN 11', 0, 22, 0),
(473, 'BÀN 12', 0, 22, 0),
(474, 'BÀN 13', 0, 22, 0),
(475, 'BÀN 14', 0, 22, 0),
(476, 'BÀN 15', 0, 22, 0),
(477, 'BÀN 16', 0, 22, 0),
(478, 'BÀN 17', 0, 22, 0),
(479, 'BÀN 18', 0, 22, 0),
(480, 'BÀN 19', 0, 22, 0),
(481, 'BÀN 20', 0, 22, 0),
(482, 'BÀN 21', 0, 22, 0),
(483, 'BÀN 22', 0, 22, 0),
(484, 'BÀN 23', 0, 22, 0),
(485, 'BÀN 24', 0, 22, 0),
(486, 'BÀN 25', 0, 22, 0),
(487, 'BÀN 26', 0, 22, 0),
(488, 'BÀN 27', 0, 22, 0),
(489, 'BÀN 28', 0, 22, 0),
(490, 'BÀN 29', 0, 22, 0),
(491, 'BÀN 30', 0, 22, 0),
(492, 'BÀN 31', 0, 22, 0),
(493, 'BÀN 32', 0, 22, 0),
(494, 'BÀN 33', 0, 22, 0),
(495, 'BÀN 34', 0, 22, 0),
(496, 'BÀN 35', 0, 22, 0),
(497, 'BÀN 36', 0, 22, 0),
(498, 'BÀN 37', 0, 22, 0),
(499, 'BÀN 38', 0, 22, 0),
(500, 'BÀN 39', 0, 22, 0),
(501, 'BÀN 40', 0, 22, 0),
(502, 'BÀN 41', 0, 22, 0),
(503, 'BÀN 42', 0, 22, 0),
(504, 'BÀN 43', 0, 22, 0),
(505, 'BÀN 44', 0, 22, 0),
(506, 'BÀN 45', 0, 22, 0),
(507, 'BÀN 46', 0, 22, 0),
(508, 'BÀN 47', 0, 22, 0),
(509, 'BÀN 48', 0, 22, 0),
(510, 'BÀN 49', 0, 22, 0),
(511, 'BÀN 50', 0, 22, 0),
(512, 'Mang về ', 1, 23, 56000),
(513, 'BÀN 1', 0, 23, 0),
(514, 'BÀN 2', 0, 23, 0),
(515, 'BÀN 3', 0, 23, 0),
(516, 'BÀN 4', 0, 23, 0),
(517, 'BÀN 5', 0, 23, 0),
(518, 'BÀN 6', 0, 23, 0),
(519, 'BÀN 7', 0, 23, 0),
(520, 'BÀN 8', 0, 23, 0),
(521, 'BÀN 9', 0, 23, 0),
(522, 'BÀN 10', 0, 23, 0),
(523, 'BÀN 11', 0, 23, 0),
(524, 'BÀN 12', 0, 23, 0),
(525, 'BÀN 13', 0, 23, 0),
(526, 'BÀN 14', 0, 23, 0),
(527, 'BÀN 15', 0, 23, 0),
(528, 'BÀN 16', 0, 23, 0),
(529, 'BÀN 17', 0, 23, 0),
(530, 'BÀN 18', 0, 23, 0),
(531, 'BÀN 19', 0, 23, 0),
(532, 'BÀN 20', 0, 23, 0),
(533, 'BÀN 21', 0, 23, 0),
(534, 'BÀN 22', 0, 23, 0),
(535, 'BÀN 23', 0, 23, 0),
(536, 'BÀN 24', 0, 23, 0),
(537, 'BÀN 25', 0, 23, 0),
(538, 'BÀN 26', 0, 23, 0),
(539, 'BÀN 27', 0, 23, 0),
(540, 'BÀN 28', 0, 23, 0),
(541, 'BÀN 29', 0, 23, 0),
(542, 'BÀN 30', 0, 23, 0),
(543, 'BÀN 31', 0, 23, 0),
(544, 'BÀN 32', 0, 23, 0),
(545, 'BÀN 33', 0, 23, 0),
(546, 'BÀN 34', 0, 23, 0),
(547, 'BÀN 35', 0, 23, 0),
(548, 'BÀN 36', 0, 23, 0),
(549, 'BÀN 37', 0, 23, 0),
(550, 'BÀN 38', 0, 23, 0),
(551, 'BÀN 39', 0, 23, 0),
(552, 'BÀN 40', 0, 23, 0),
(553, 'BÀN 41', 0, 23, 0),
(554, 'BÀN 42', 0, 23, 0),
(555, 'BÀN 43', 0, 23, 0),
(556, 'BÀN 44', 0, 23, 0),
(557, 'BÀN 45', 0, 23, 0),
(558, 'BÀN 46', 0, 23, 0),
(559, 'BÀN 47', 0, 23, 0),
(560, 'BÀN 48', 0, 23, 0),
(561, 'BÀN 49', 0, 23, 0),
(562, 'BÀN 50', 0, 23, 0),
(563, 'Mang về ', 0, 24, 0),
(564, 'BÀN 1', 1, 24, 18000),
(565, 'BÀN 2', 0, 24, 0),
(566, 'BÀN 3', 0, 24, 0),
(567, 'BÀN 4', 0, 24, 0),
(568, 'BÀN 5', 0, 24, 0),
(569, 'BÀN 6', 0, 24, 0),
(570, 'BÀN 7', 0, 24, 0),
(571, 'BÀN 8', 0, 24, 0),
(572, 'BÀN 9', 0, 24, 0),
(573, 'BÀN 10', 0, 24, 0),
(574, 'BÀN 11', 0, 24, 0),
(575, 'BÀN 12', 0, 24, 0),
(576, 'BÀN 13', 0, 24, 0),
(577, 'BÀN 14', 0, 24, 0),
(578, 'BÀN 15', 0, 24, 0),
(579, 'BÀN 16', 0, 24, 0),
(580, 'BÀN 17', 0, 24, 0),
(581, 'BÀN 18', 0, 24, 0),
(582, 'BÀN 19', 0, 24, 0),
(583, 'BÀN 20', 0, 24, 0),
(584, 'BÀN 21', 0, 24, 0),
(585, 'BÀN 22', 0, 24, 0),
(586, 'BÀN 23', 0, 24, 0),
(587, 'BÀN 24', 0, 24, 0),
(588, 'BÀN 25', 0, 24, 0),
(589, 'BÀN 26', 0, 24, 0),
(590, 'BÀN 27', 0, 24, 0),
(591, 'BÀN 28', 0, 24, 0),
(592, 'BÀN 29', 0, 24, 0),
(593, 'BÀN 30', 0, 24, 0),
(594, 'BÀN 31', 0, 24, 0),
(595, 'BÀN 32', 0, 24, 0),
(596, 'BÀN 33', 0, 24, 0),
(597, 'BÀN 34', 0, 24, 0),
(598, 'BÀN 35', 0, 24, 0),
(599, 'BÀN 36', 0, 24, 0),
(600, 'BÀN 37', 0, 24, 0),
(601, 'BÀN 38', 0, 24, 0),
(602, 'BÀN 39', 0, 24, 0),
(603, 'BÀN 40', 0, 24, 0),
(604, 'BÀN 41', 0, 24, 0),
(605, 'BÀN 42', 0, 24, 0),
(606, 'BÀN 43', 0, 24, 0),
(607, 'BÀN 44', 0, 24, 0),
(608, 'BÀN 45', 0, 24, 0),
(609, 'BÀN 46', 0, 24, 0),
(610, 'BÀN 47', 0, 24, 0),
(611, 'BÀN 48', 0, 24, 0),
(612, 'BÀN 49', 0, 24, 0),
(613, 'BÀN 50', 0, 24, 0),
(614, 'Mang về ', 0, 25, 0),
(615, 'BÀN 1', 0, 25, 0),
(616, 'BÀN 2', 1, 25, 68000),
(617, 'BÀN 3', 0, 25, 0),
(618, 'BÀN 4', 1, 25, 46000),
(619, 'BÀN 5', 1, 25, 15000),
(620, 'BÀN 6', 0, 25, 0),
(621, 'BÀN 7', 0, 25, 0),
(622, 'BÀN 8', 0, 25, 0),
(623, 'BÀN 9', 0, 25, 0),
(624, 'BÀN 10', 0, 25, 0),
(625, 'BÀN 11', 0, 25, 0),
(626, 'BÀN 12', 0, 25, 0),
(627, 'BÀN 13', 0, 25, 0),
(628, 'BÀN 14', 0, 25, 0),
(629, 'BÀN 15', 0, 25, 0),
(630, 'BÀN 16', 0, 25, 0),
(631, 'BÀN 17', 0, 25, 0),
(632, 'BÀN 18', 0, 25, 0),
(633, 'BÀN 19', 0, 25, 0),
(634, 'BÀN 20', 0, 25, 0),
(635, 'BÀN 21', 0, 25, 0),
(636, 'BÀN 22', 0, 25, 0),
(637, 'BÀN 23', 0, 25, 0),
(638, 'BÀN 24', 0, 25, 0),
(639, 'BÀN 25', 0, 25, 0),
(640, 'BÀN 26', 0, 25, 0),
(641, 'BÀN 27', 0, 25, 0),
(642, 'BÀN 28', 0, 25, 0),
(643, 'BÀN 29', 0, 25, 0),
(644, 'BÀN 30', 0, 25, 0),
(645, 'BÀN 31', 0, 25, 0),
(646, 'BÀN 32', 0, 25, 0),
(647, 'BÀN 33', 0, 25, 0),
(648, 'BÀN 34', 0, 25, 0),
(649, 'BÀN 35', 0, 25, 0),
(650, 'BÀN 36', 0, 25, 0),
(651, 'BÀN 37', 0, 25, 0),
(652, 'BÀN 38', 0, 25, 0),
(653, 'BÀN 39', 0, 25, 0),
(654, 'BÀN 40', 0, 25, 0),
(655, 'BÀN 41', 0, 25, 0),
(656, 'BÀN 42', 0, 25, 0),
(657, 'BÀN 43', 0, 25, 0),
(658, 'BÀN 44', 0, 25, 0),
(659, 'BÀN 45', 0, 25, 0),
(660, 'BÀN 46', 0, 25, 0),
(661, 'BÀN 47', 0, 25, 0),
(662, 'BÀN 48', 0, 25, 0),
(663, 'BÀN 49', 0, 25, 0),
(664, 'BÀN 50', 0, 25, 0);

-- --------------------------------------------------------

--
-- Cấu trúc bảng cho bảng `users`
--

CREATE TABLE `users` (
  `id` int(11) NOT NULL,
  `name` varchar(255) NOT NULL,
  `password` varchar(45) NOT NULL,
  `role` varchar(45) NOT NULL
) ENGINE=InnoDB DEFAULT CHARSET=utf8;

--
-- Đang đổ dữ liệu cho bảng `users`
--

INSERT INTO `users` (`id`, `name`, `password`, `role`) VALUES
(15, 'them50ban', '123123', 'order'),
(17, 'test17', '123123', 'order'),
(18, 'thong', '123', 'order'),
(19, '123', '123', 'order'),
(20, '111', '111', 'order'),
(21, '0812', '111', 'order'),
(22, '1234', '123', 'order'),
(23, '345', '345', 'order'),
(24, '12345', '12345', 'order'),
(25, 'quangquang', '123', 'order');

--
-- Chỉ mục cho các bảng đã đổ
--

--
-- Chỉ mục cho bảng `bills`
--
ALTER TABLE `bills`
  ADD PRIMARY KEY (`id`),
  ADD KEY `table_id` (`table_id`),
  ADD KEY `user_id` (`user_id`);

--
-- Chỉ mục cho bảng `bill_items`
--
ALTER TABLE `bill_items`
  ADD PRIMARY KEY (`id`),
  ADD KEY `fk_bill_id` (`bill_id`);

--
-- Chỉ mục cho bảng `categories`
--
ALTER TABLE `categories`
  ADD PRIMARY KEY (`id`);

--
-- Chỉ mục cho bảng `orders`
--
ALTER TABLE `orders`
  ADD PRIMARY KEY (`id`),
  ADD KEY `fk_orders_table1_idx` (`table_id`),
  ADD KEY `fk_user_id_orders_users` (`user_id`);

--
-- Chỉ mục cho bảng `order_items`
--
ALTER TABLE `order_items`
  ADD PRIMARY KEY (`id`),
  ADD KEY `fk_order_item_orders1_idx` (`order_id`),
  ADD KEY `fk_order_item_products1_idx` (`product_id`);

--
-- Chỉ mục cho bảng `products`
--
ALTER TABLE `products`
  ADD PRIMARY KEY (`id`),
  ADD KEY `fk_products_categories_idx` (`categories_id`);

--
-- Chỉ mục cho bảng `shops`
--
ALTER TABLE `shops`
  ADD PRIMARY KEY (`id`),
  ADD KEY `user_id` (`user_id`);

--
-- Chỉ mục cho bảng `tables`
--
ALTER TABLE `tables`
  ADD PRIMARY KEY (`id`),
  ADD KEY `fk_user_id` (`user_id`);

--
-- Chỉ mục cho bảng `users`
--
ALTER TABLE `users`
  ADD PRIMARY KEY (`id`);

--
-- AUTO_INCREMENT cho các bảng đã đổ
--

--
-- AUTO_INCREMENT cho bảng `bills`
--
ALTER TABLE `bills`
  MODIFY `id` int(11) NOT NULL AUTO_INCREMENT, AUTO_INCREMENT=273;

--
-- AUTO_INCREMENT cho bảng `bill_items`
--
ALTER TABLE `bill_items`
  MODIFY `id` int(11) NOT NULL AUTO_INCREMENT, AUTO_INCREMENT=1488;

--
-- AUTO_INCREMENT cho bảng `orders`
--
ALTER TABLE `orders`
  MODIFY `id` int(11) NOT NULL AUTO_INCREMENT, AUTO_INCREMENT=535;

--
-- AUTO_INCREMENT cho bảng `order_items`
--
ALTER TABLE `order_items`
  MODIFY `id` int(11) NOT NULL AUTO_INCREMENT, AUTO_INCREMENT=1369;

--
-- AUTO_INCREMENT cho bảng `products`
--
ALTER TABLE `products`
  MODIFY `id` int(11) NOT NULL AUTO_INCREMENT, AUTO_INCREMENT=78;

--
-- AUTO_INCREMENT cho bảng `shops`
--
ALTER TABLE `shops`
  MODIFY `id` int(11) NOT NULL AUTO_INCREMENT, AUTO_INCREMENT=22;

--
-- AUTO_INCREMENT cho bảng `tables`
--
ALTER TABLE `tables`
  MODIFY `id` int(11) NOT NULL AUTO_INCREMENT, AUTO_INCREMENT=665;

--
-- AUTO_INCREMENT cho bảng `users`
--
ALTER TABLE `users`
  MODIFY `id` int(11) NOT NULL AUTO_INCREMENT, AUTO_INCREMENT=26;

--
-- Các ràng buộc cho các bảng đã đổ
--

--
-- Các ràng buộc cho bảng `orders`
--
ALTER TABLE `orders`
  ADD CONSTRAINT `fk_orders_table1` FOREIGN KEY (`table_id`) REFERENCES `tables` (`id`) ON DELETE NO ACTION ON UPDATE NO ACTION,
  ADD CONSTRAINT `fk_user_id_orders_users` FOREIGN KEY (`user_id`) REFERENCES `users` (`id`);

--
-- Các ràng buộc cho bảng `order_items`
--
ALTER TABLE `order_items`
  ADD CONSTRAINT `fk_order_item_orders1` FOREIGN KEY (`order_id`) REFERENCES `orders` (`id`) ON DELETE NO ACTION ON UPDATE NO ACTION,
  ADD CONSTRAINT `fk_order_item_products1` FOREIGN KEY (`product_id`) REFERENCES `products` (`id`) ON DELETE NO ACTION ON UPDATE NO ACTION;

--
-- Các ràng buộc cho bảng `products`
--
ALTER TABLE `products`
  ADD CONSTRAINT `fk_products_categories` FOREIGN KEY (`categories_id`) REFERENCES `categories` (`id`) ON DELETE NO ACTION ON UPDATE NO ACTION;

--
-- Các ràng buộc cho bảng `tables`
--
ALTER TABLE `tables`
  ADD CONSTRAINT `fk_user_id` FOREIGN KEY (`user_id`) REFERENCES `users` (`id`);
COMMIT;

/*!40101 SET CHARACTER_SET_CLIENT=@OLD_CHARACTER_SET_CLIENT */;
/*!40101 SET CHARACTER_SET_RESULTS=@OLD_CHARACTER_SET_RESULTS */;
/*!40101 SET COLLATION_CONNECTION=@OLD_COLLATION_CONNECTION */;
